id,name,age
1,Titos Adshad,22
2,Hallie Fairham,24
3,Liv Crookston,23
4,Aguie Townshend,19
5,Donnie Blumson,17
6,Tadd Probbin,24
7,Dov Sewell,20
8,Dill Causbey,24
9,Yankee Scholler,16
10,Toddie Salazar,19
11,Sampson Bwy,15
12,Finley Waliszewski,22
13,Alida Hinners,19
14,Cissiee Larroway,19
15,Erwin Swanger,20
16,Kara-lynn Linskey,17
17,Marisa Jerschke,15
18,Brandyn Sanson,22
19,Judi Tight,17
20,Chip Bright,20
21,Kally Britney,21
22,Dillie Gatch,22
23,Rowland Drache,24
24,Salvidor Deathridge,15
25,Dukey Kemmet,24
26,Ikey Timewell,21
27,Riley Ros,19
28,Lorene Jefferd,23
29,Marje Lent,17
30,Charmaine Mitkov,18
31,Cristobal Manzell,18
32,Frayda Wedge,21
33,Tadd Kilday,18
34,Dom Duesberry,16
35,Debera Gresty,25
36,Chase Teissier,19
37,Binky Fernan,25
38,Emelita Shay,24
39,Hyman Pyzer,20
40,Benedicto Algar,16
41,Meghann Dewane,23
42,Curcio Donner,23
43,Lacy Syddall,23
44,Armstrong Membry,24
45,Pryce Alekseicik,23
46,Griffie Vercruysse,22
47,Jeffie Cabotto,18
48,Shepperd Czadla,24
49,Sher Springell,25
50,Celine Ive,19
51,Meier Rupp,23
52,Joachim Karpman,25
53,Valaree Tweddle,20
54,Ailis Christiensen,22
55,Nat Sharrard,24
56,Dody Vanyatin,21
57,Jamal Scothern,24
58,Reidar Blaske,22
59,Courtney Bollans,17
60,Hermina Speeding,21
61,Melba Leser,19
62,Flory Shoebrook,18
63,Marion Jentzsch,19
64,Rowe Floch,17
65,Jerrilee Jacox,23
66,Pembroke Roubay,22
67,Zacherie Lacase,21
68,Zaneta Forten,23
69,Mose Gartery,15
70,Paolina Castello,16
71,Abbot Shutte,19
72,Andris Guilloux,25
73,Lonny McCourt,19
74,Maurits Antognazzi,25
75,Nanice Folland,17
76,Gibb Fenner,15
77,Saw Clooney,18
78,Vere Sterricker,22
79,Codi Klishin,24
80,Ailis Thwaite,16
81,Hamish McPhate,18
82,Candis Dyster,24
83,Zaneta Chree,22
84,Genvieve Bliss,18
85,Tildie Hayes,24
86,Ara Godin,18
87,Jerad Titlow,17
88,Sayre Muff,19
89,Sonnnie Caswall,23
90,Pauly Lofty,15
91,Chad Helsby,21
92,Genovera Maybery,20
93,Goran Crockett,23
94,Gaylord Northfield,25
95,Ellerey Zellmer,19
96,Eduard Scramage,17
97,Beryle Effnert,16
98,Aland Wiggin,24
99,Toni Concannon,15
100,Judah Pock,16
101,Barbabas Fullman,15
102,Stormie Deplacido,17
103,Sylvan Drinkhill,18
104,Kattie Thorrington,17
105,Saundra Coggan,17
106,Nealy Bysshe,19
107,Rudy Petrusch,15
108,Cathrin Camillo,22
109,Loren Duthie,17
110,Courtney Etheridge,17
111,Aidan Tregenna,16
112,Clementina Hindes,25
113,Onfre Fitton,21
114,Harley Hindes,21
115,Kristy Bannerman,23
116,Maison Vegas,24
117,Bran Goncalo,16
118,Lurleen Rickarsey,22
119,Venita Widdowes,20
120,Rochester Caldecot,16
121,Gavin Shemwell,24
122,Marcos Downing,22
123,Lurline Slany,15
124,Barbra Tonna,25
125,Sawyer Rosita,20
126,Zilvia Redgrove,21
127,Winne Warrick,15
128,Nicolais Marwick,22
129,Caril Abbe,16
130,Ange Clemow,18
131,Maurene McKibbin,21
132,Delores Vondrak,19
133,Tucky Moral,21
134,Sigrid Hickisson,18
135,Caryn Fedder,15
136,Olenolin Stadden,22
137,Fredericka Cully,22
138,Cecily Oselton,19
139,Marlie Clowes,24
140,Maggee Mugleston,23
141,Norrie Gulberg,23
142,Parker Angelini,17
143,Serene Letchmore,19
144,Bogey Olivari,21
145,Zia Clancy,15
146,Abbey Biasioni,20
147,Kristy Howlin,15
148,Lida Wey,22
149,Kermy Batchellor,17
150,Rodrick Tapenden,15
151,Freeland MacKeig,17
152,Francoise Starton,24
153,Steffen Bydaway,25
154,Celisse Pickvance,20
155,Dukie Hogben,23
156,Hannie Stacey,25
157,Lannie Cody,17
158,Darrel Pigdon,21
159,Alta Rheubottom,21
160,Ingram Parchment,16
161,Pasquale Nowak,24
162,Lemmy Kemmons,25
163,Jarrad Power,23
164,Ardeen Howman,16
165,Debby Raecroft,15
166,Harv Blamey,18
167,Vitia Jerzycowski,22
168,Yancy Missenden,17
169,Kylynn McKnockiter,25
170,Hussein Harker,18
171,Kurt Smullen,17
172,Arturo Paskin,25
173,Annnora Breakwell,21
174,Winfred Rossey,15
175,Darya Agron,15
176,Dari Wildsmith,19
177,Selie Maker,23
178,Hewe Rostern,19
179,Michelle Mains,15
180,Aveline Kiebes,19
181,Coleman Heddon,19
182,Edeline Eidler,19
183,Dallas Vassbender,19
184,Kaitlin Bertelmot,20
185,Justus D'Antoni,15
186,Merline Bader,24
187,Sophie Mirando,24
188,Lin Roalfe,17
189,Melania Billingham,16
190,Serene Hrachovec,17
191,Enrique Ickowicz,24
192,Wendi Sans,21
193,Faythe Groundwater,21
194,Margalo Smylie,25
195,Vikky Donovan,21
196,Ursulina Boardman,18
197,Baird Blomefield,17
198,Archy Coxhead,16
199,Padgett Robbings,24
200,Lisette O'Donnell,24
201,Ichabod Hofler,21
202,Hyacinthe Nelthropp,18
203,Dougy Nealy,19
204,Meredeth Laughlan,22
205,Jaquenette Duchenne,19
206,Cicily Parbrook,22
207,Helene Baitey,15
208,Calida Punt,20
209,Riccardo Mussard,16
210,Mord Hills,15
211,Paddy Giacobbo,19
212,Joye Chat,16
213,Ricky Hughill,15
214,Nollie Peachey,21
215,Eamon Torrese,23
216,Claudette Pirdy,22
217,Jeanie Halleybone,15
218,Iseabal Paireman,15
219,Timothee Drysdall,25
220,Sidonnie Deinert,21
221,Briney Butteris,23
222,Corena Iczokvitz,21
223,James Aloshkin,21
224,Cassy De la Yglesia,25
225,Antonietta Hallgath,21
226,Gnni Klaus,21
227,Noreen Hance,16
228,Nathalia Wheelband,23
229,Cecelia Eliaz,18
230,Ethelind Gages,22
231,Tedie Mitten,21
232,Marcille Motion,24
233,Tami Garret,15
234,Myranda Barthram,25
235,Ulla Abdie,22
236,Kalinda Diloway,22
237,Base Bustard,22
238,Mureil Mossop,22
239,Creigh Gorman,20
240,Chadwick Akett,18
241,Clyde Kindley,19
242,Bab Lambin,24
243,Chet Holtham,15
244,Garrick Webermann,24
245,Bonnee Petrus,21
246,Taddeo Buick,20
247,Alvan Borchardt,19
248,Allis Knaggs,25
249,Cherin Prydie,25
250,Titus Nairy,24
251,Jeniece Copeland,25
252,Mic Phillpot,25
253,Tome Himsworth,23
254,Elyssa Stoffels,15
255,Marion Whylie,19
256,Tirrell Kirby,22
257,Shelbi Cavan,22
258,Flory Worsfold,25
259,Giustino Sutton,18
260,Norean Tacon,22
261,Kahlil Weiser,20
262,Brynn Cordy,22
263,Carlyle Doutch,22
264,Lion Maddigan,21
265,Yovonnda Le Brun,22
266,Ruprecht Mabbs,18
267,Lizette Bruno,24
268,Dayle Flaxon,16
269,Rosene Curphey,17
270,Teddie Kinnerley,19
271,Farrah Hurry,16
272,Natassia McVrone,18
273,June Andreazzi,15
274,Carolyn Wardall,25
275,Lilah Tomblett,19
276,Angelique Taggerty,19
277,Georgiana Akrigg,19
278,Marie-ann Sprules,22
279,Arthur Fealey,20
280,Leontyne Caddan,18
281,Ferdinanda Petow,17
282,Moore Cordelet,22
283,Ardisj Abelevitz,21
284,Otes Solly,25
285,Dex Jeffree,15
286,Mariejeanne Healks,19
287,Marwin MacAfee,22
288,Panchito Sunley,17
289,Claiborn Jaksic,16
290,Bryn Braunle,20
291,Marcy Fernehough,19
292,Siana Auston,21
293,Joy Webborn,21
294,Sibylla Gatsby,24
295,Allsun Grigoryev,25
296,Vivyanne Brighouse,18
297,Roxane Aylott,23
298,Ailsun Kibbel,23
299,Allianora Giovannilli,16
300,Eugenia Spellman,23
301,Rossie Canedo,18
302,Jorgan Cheetam,19
303,Ansel Bracci,21
304,Gladys Burk,15
305,Margalo Giacobo,18
306,Linnell Terron,25
307,Ilysa Thirlwall,25
308,Jerrie Kelberer,23
309,Nadine Barkes,23
310,Solomon Briance,20
311,Janis Vannini,25
312,Sheffield Riha,18
313,Amii Farrants,22
314,Alden Vanne,25
315,Hewie Bothbie,20
316,Vinni Davitt,20
317,Corrie Sannes,21
318,Jdavie Nother,17
319,Larine Asson,16
320,Onofredo Sieghard,15
321,Nedi Havis,18
322,Pace McDonogh,17
323,Minda Billanie,20
324,Jake Brim,23
325,Yolanda McCorkell,19
326,Teresa Deroche,17
327,Sukey Dobel,15
328,Adolphus Keenlyside,16
329,Melamie Duddle,25
330,Rollo Tudor,15
331,Jemie Maben,19
332,Johnath Skippings,22
333,Rolfe Slimming,16
334,Edouard Emanuel,18
335,Perri Blankau,20
336,Flora Lethabridge,19
337,Tabbi Oxtoby,16
338,Margarette Snoxell,15
339,Haskell Van Driel,21
340,Jon Edmonstone,24
341,Paige Theunissen,19
342,Kellby Lamont,21
343,Creigh Vivash,16
344,Gustie Artis,16
345,Milty Bradfield,17
346,Nisse Aggott,22
347,Marchelle Stothert,25
348,Isahella Essery,21
349,Chery de Keyser,15
350,Leopold MacTeggart,23
351,Norene Licas,25
352,Dewey Clarey,16
353,Jeannie Duxfield,23
354,Barnabas Dahlbom,20
355,Pammie Bollum,20
356,Frankie Old,23
357,Eddy Harsent,20
358,Titos Bardsley,22
359,Emalia Pauncefort,21
360,Kacy O'Cannan,18
361,Abbie Boult,25
362,Ellwood Etherson,16
363,Cornie McColgan,24
364,Ruperto Shankland,22
365,Abeu Bryett,16
366,Cristabel Faustian,24
367,Byrann Eburah,18
368,Babette Birk,20
369,Carmelita Skurray,15
370,Wheeler Caller,24
371,Layla Yendle,24
372,Skell Sweetnam,16
373,Lindsey Keher,21
374,Binky Benaine,15
375,Elaine Stanes,18
376,Colan Dabinett,19
377,Obadiah Seale,15
378,Julius Napoli,21
379,Katie Batiste,23
380,Herbie O'Lagene,24
381,Shurlock Viles,15
382,Rivkah Smoughton,17
383,Bone Bowart,25
384,Kory Blaszkiewicz,23
385,Linea Patient,23
386,Raquela Bollini,24
387,Lovell Galton,16
388,Brana Till,19
389,Marketa Hellcat,23
390,Lizabeth Beringer,21
391,Hyacinth Fairhead,25
392,Eugenio Sapson,17
393,Paulina Kirton,17
394,Norrie Willacot,19
395,Arly Castaner,24
396,Sascha Mil,15
397,Dinnie Aimson,20
398,Bernard Giacomazzo,24
399,Abramo Guswell,19
400,Scott Petracchi,16
401,Boyce Jacobssen,24
402,Mirabella Rembrant,23
403,Donnie Joslyn,15
404,Neil Cringle,24
405,Penny Delleschi,15
406,Geri Goulter,25
407,Allie Doulden,16
408,Lauren Rosellini,17
409,Cos Colcomb,23
410,Clementia Westnedge,21
411,Chiquita Ortler,18
412,Rowney MacAvddy,18
413,Dave Knell,16
414,Fanchon Tumilty,20
415,Bernadina Basnall,17
416,Kizzee Oglethorpe,18
417,Petronilla Creeghan,16
418,Margarete Marsden,15
419,Jarrad Ogles,22
420,Gabie Tuckie,16
421,Karoly Canlin,25
422,Judith Jefferys,20
423,King Elderfield,19
424,Agretha Coche,19
425,Samuele Little,20
426,Bernie Pluthero,16
427,Tobi Bridywater,17
428,Crosby Coleshill,23
429,Forrest Leckenby,20
430,Myron Sweedland,16
431,Monro Hancock,18
432,Tonie Digger,23
433,Katti Zywicki,23
434,Windham Martignon,17
435,Bevvy Oldroyde,20
436,Josey Roff,20
437,Dasya Mollindinia,17
438,Bettye Ofield,25
439,Murielle Candey,20
440,Leshia Toogood,18
441,Clay Lillo,20
442,Brennan Forstall,24
443,Elinore Richly,18
444,Bidget Sloy,23
445,Nichols Huddlestone,15
446,Merola Kettleson,25
447,Normand Cundy,19
448,Nadiya Beeze,17
449,Geneva Hablot,22
450,Angelo Weth,16
451,Lazarus Reglar,20
452,Julissa Trahear,25
453,Vic Hoyes,17
454,Alice Dahlborg,21
455,Abran Daton,25
456,Hali Reinbach,18
457,Emmeline Wall,23
458,Isabelle Lade,25
459,Gregorius Aizikov,22
460,Jere Deverell,18
461,Major Levine,16
462,Randie Twyford,16
463,Beverlee Nare,17
464,Bret Normandale,19
465,Christabel Tupling,21
466,Tremain Bontoft,21
467,Ardyce Roubeix,19
468,Egbert Reiners,16
469,Leesa Springtorp,24
470,Swen Cartmale,15
471,Jermayne Gaspero,20
472,Maggi McIlvaney,25
473,Rica Hinz,16
474,Norri Escalera,21
475,Ruben Barzen,15
476,Addia Dyche,16
477,Erskine Fawdery,19
478,Grantham Matzel,23
479,Vinni Javes,20
480,Nicole Ruffles,17
481,Odilia Dodamead,20
482,Demetrius Dymidowski,22
483,Pietra Cossentine,15
484,Obie Halpeine,22
485,Fernande Hourigan,17
486,Byrann MacSorley,17
487,Karry McCullouch,19
488,Fredrika Jedras,23
489,Siana Gleeson,21
490,Uta Billham,25
491,Geralda Reckless,15
492,Nial Erdis,17
493,Armstrong Oxtiby,24
494,Richy Mathevet,16
495,Jedidiah Hadleigh,25
496,Janeva Persich,22
497,Faith Leslie,15
498,Kerk Lewsam,23
499,Jaime Goulston,16
500,Sam Cake,20
501,Seka Bernhardsson,18
502,Colette Reston,21
503,Mose Bennoe,18
504,Maximilianus Menlow,17
505,Annmarie Gaskin,17
506,Graham Livsey,20
507,Hilary Vines,25
508,Frannie Capey,19
509,Ferdinande Summons,18
510,Loydie Kinsell,22
511,Nina Simic,18
512,Lettie Kairns,17
513,Darda Hirjak,18
514,Rosella Ainscow,19
515,Siouxie Jaimez,20
516,Xymenes Choat,23
517,Dori Trime,24
518,Casandra Aberhart,15
519,Courtnay Muscroft,19
520,Gery Stit,17
521,Baillie Bridgwood,15
522,Loralie Brunskill,20
523,Blinny Strangward,21
524,Pattie Wisdish,21
525,Leesa Raden,24
526,Marcy Coomer,20
527,Ellwood Woodroofe,24
528,Benedicta Scahill,18
529,Lorri Karran,17
530,Waldemar Lagadu,23
531,Menard Ifill,16
532,Charil Whitewood,15
533,Nerta Hastwell,16
534,Tailor Billborough,25
535,Prince Danilyak,15
536,Farrel Rubi,24
537,Erminia Wasmuth,23
538,Alissa Akred,21
539,Geri Pilmer,25
540,Dena Hatchell,25
541,Fitzgerald Bruster,24
542,Tomi Drexel,15
543,Les Aston,16
544,Moses Burkwood,21
545,Farrell Yelland,25
546,Helen-elizabeth Marklew,19
547,Blanca Wild,24
548,Karissa Paice,22
549,Caryl Smalridge,21
550,Wain Struss,15
551,Haze Athridge,19
552,Richardo Dallaway,18
553,Kathleen Beevers,18
554,Catlaina Pilgrim,18
555,Lorenza Velden,17
556,Templeton Peotz,18
557,Faye Pury,15
558,Harriett Fassum,21
559,Erek Faichnie,19
560,Ripley Skin,21
561,Ozzie Van Velde,22
562,Sonny Mungane,15
563,Anjanette Elfes,20
564,Hermine Culleford,25
565,Elysha Veltmann,16
566,Cornelia Rainger,25
567,Hedwig Fagge,21
568,Gareth Feild,23
569,Niels Gherardelli,22
570,Leoine Suffield,25
571,Hyacinthia Meharg,17
572,Waldemar McGahern,19
573,Judye Minnis,22
574,Shoshana Stables,19
575,Janelle Raftery,15
576,Edd Menary,19
577,Isa Chiles,16
578,Christiane Rolfini,19
579,Tiphanie Toor,22
580,Reamonn Varty,20
581,Jeromy Frugier,18
582,Raul Fiddiman,23
583,Winnie Hick,18
584,Vernen Codman,17
585,Nichole Ginty,18
586,Timothee Imlach,17
587,Hurley Stebbings,22
588,Brose Kibbee,20
589,Mady Dalgarnocht,18
590,Armstrong Swetman,24
591,Bendick McKennan,24
592,Hermy Robbert,17
593,Damon Necolds,16
594,Orbadiah Dawdry,25
595,Elayne Pownall,23
596,Giffie Brach,20
597,Arluene Commander,18
598,Ricki Gallon,25
599,Mella Restall,18
600,Kore Pilcher,19
601,Arline Grimbleby,23
602,Shelagh Bustin,20
603,Sherwood Redwood,21
604,Merl Nelles,20
605,Aldo Pashby,17
606,Decca MacGowan,21
607,Lorrie Frichley,21
608,Maud Le Galle,23
609,Kendra Coddrington,22
610,Sascha Leaton,20
611,Marie-ann Glendinning,19
612,Hugo Malinowski,22
613,Ignace Davidman,20
614,Matty Alderson,17
615,Yank Greguol,15
616,Faye Dewhurst,21
617,Danyelle Hessing,20
618,Sherry Lassey,24
619,Stefa Hurlin,24
620,Dulcy Russen,17
621,Casie Richichi,17
622,Edwina Loughton,20
623,Dannel MacVicar,21
624,Caprice Gaffey,15
625,Carolyn Wildblood,24
626,Dulcea Soames,15
627,Breena MacCambridge,19
628,Doe Burgiss,22
629,Fairlie Summerlie,25
630,Thekla Mafham,22
631,Brena McGettrick,15
632,Emilie Saward,15
633,Eduard Stilgoe,23
634,Brewer Francey,15
635,Carmelita Top,21
636,Adrienne Carde,21
637,Corbie Mewha,16
638,Rachelle Cosens,20
639,Celeste Duncklee,18
640,Jocelyne Rhucroft,22
641,Libbie Hawton,21
642,Augustus Kepling,18
643,Silvanus Alenikov,22
644,Leupold Penney,16
645,Suzann Seivertsen,19
646,Temp Cavilla,18
647,Sadie Usmar,20
648,Locke Leates,16
649,Delbert Tetford,18
650,Barbara Brower,23
651,Trever Fratczak,25
652,Willie Shirley,22
653,Velvet Patton,17
654,La verne Kendall,20
655,Wilmette Carlucci,25
656,Somerset Ebbett,24
657,Matt Kirtlan,18
658,Dyanna Cuerdale,23
659,Karlie Elmes,23
660,Jeremie Glanders,20
661,Anallese Scrivinor,23
662,Boot Adriaens,23
663,Julissa Wingham,21
664,Waldo Mannock,25
665,Lenna Andreutti,19
666,Arny Demeza,25
667,Moria Malarkey,25
668,Broddie Pellett,24
669,Nessie Kings,21
670,Walt Lissaman,24
671,Padgett Bladge,21
672,Estella Di Batista,17
673,Car Shekle,23
674,Dougie Tweddell,20
675,Thain Bellows,23
676,Blane Diviney,24
677,Celene Kingcott,19
678,Blaine Smoth,21
679,Adham Kares,21
680,Fayre Wigley,23
681,Lannie Petticrow,21
682,Hailey Adamov,22
683,Marlie Preator,17
684,Sheila-kathryn Gress,20
685,Giorgio Dumbreck,18
686,Estella Streetley,23
687,Rebbecca Varney,23
688,Hilde Asals,16
689,Ondrea Danielli,20
690,Addie Gilchrest,20
691,Glenn Windram,25
692,Yvonne Scamp,19
693,Jasper Skyppe,18
694,Hymie Girdlestone,23
695,Adrian Bedinn,15
696,Gussy Dreakin,21
697,Preston McAuslan,16
698,Odille Hanstock,18
699,Broddie Rosentholer,18
700,Ulla Schrieves,15
701,Van Pailin,15
702,Karlan Cleaton,24
703,Cass Blower,21
704,Olva Gariff,17
705,Laural McTurley,17
706,Hyacinthia Fishburn,17
707,Odelia Driussi,25
708,Desirae Domek,24
709,Maible Delmonti,16
710,Perle Silverstone,15
711,Benoit Ruslen,23
712,Onfroi Tewelson,25
713,Gradey MacNish,15
714,Artemus Curryer,21
715,Marjory Feather,19
716,Gal MacCook,16
717,Felicity Maestro,20
718,Valenka Coneybeare,17
719,Bertrando Eaken,17
720,Englebert Kobpac,24
721,Lorna Pearn,21
722,Jonah Kennagh,23
723,Zollie Du Barry,16
724,Rodi Mangham,16
725,Walther Benito,25
726,Ileana Bartlomieczak,19
727,Avis Seabert,24
728,Worth Ruddoch,22
729,Nell Sterricks,22
730,Elvina Etherton,19
731,Brandise Spinello,20
732,Barbie Rupprecht,17
733,Ermin Berwick,16
734,Agneta Dittson,21
735,Shannon Brosel,21
736,Lalo Bramich,20
737,Cherish Swanwick,15
738,Karoly Schaumaker,16
739,Lydie Iverson,16
740,Dannel Adlem,19
741,Hayes Howsego,25
742,Adriaens Le Gall,20
743,Giorgio Vasechkin,20
744,Lanette Lay,24
745,Debby Layland,17
746,Eduardo Fenelow,18
747,Wilbert Skokoe,20
748,Rab Colquit,21
749,Cherilyn Oughtright,16
750,Jeth Barstow,22
751,Jaynell Brownill,23
752,Gaby Cosstick,21
753,Danette Hartzog,16
754,Haroun Guttridge,16
755,Jackson Capstake,24
756,Inigo Madre,25
757,Jareb McLauchlin,23
758,Raquela Stump,20
759,Emiline Hinks,24
760,Bobbette Padgett,18
761,Marion Ranger,18
762,Lou Biffin,19
763,Gizela Guerre,23
764,Emmie De Domenicis,21
765,Lorita Bertie,25
766,Babs Fellgett,21
767,Valera Pinfold,17
768,Abigael Merkle,17
769,Eward Nimmo,16
770,Frederique Vink,25
771,Fancie Plewman,25
772,Hammad Stowers,19
773,Brietta Conelly,23
774,Zak Tendahl,20
775,Arnoldo Snarie,22
776,Monika Largan,19
777,Nicky Virgin,16
778,Catarina Lurcock,17
779,Berti Semeradova,17
780,Nicholle Pley,22
781,Andy Sloam,21
782,Ursulina Cops,15
783,Sidonnie Hyne,24
784,Adams Lockitt,23
785,Alvan Lenglet,17
786,Patrizius Grenville,24
787,Marget Hawes,20
788,Si Bampton,24
789,Stirling Dencs,21
790,Wake Libby,18
791,Odell Eades,25
792,Darrell Tuxwell,18
793,Stevie Chopy,23
794,Erv Sinfield,21
795,Karyl Hacket,15
796,Amerigo Semered,17
797,Cherilyn Bealing,24
798,Ginni Marland,23
799,Lucius Rastall,22
800,Almira Huc,15
801,Rosy Giggie,20
802,Maurie Posse,20
803,Alta Arnall,18
804,Orrin Feveryear,19
805,Rich Berney,16
806,Adrien Nolin,18
807,Thia Bignal,24
808,Em Haddleston,25
809,Emilee Dimont,24
810,Sibyl Commusso,23
811,Whittaker Athridge,16
812,Kimberlee Legges,19
813,Merle Hincks,18
814,Jammal Woodfine,18
815,Stafford Garrett,16
816,Everard Holywell,16
817,Christoph Martellini,18
818,Viki Philpot,24
819,Irving Hercock,20
820,Derrik Chatan,24
821,Ilario Draisey,23
822,Shelley de Mullett,21
823,Anissa Blethin,17
824,Vivia Lethby,25
825,Ivy Marciskewski,25
826,Junia Welchman,23
827,Emmalynn Wattinham,23
828,Gerick Orlton,21
829,Myrtie Nuton,17
830,Hayes Cossey,15
831,Saul Aiers,16
832,Floyd Kubis,24
833,Dorree Koschke,24
834,Nicolle Coxen,20
835,Sabine Barnby,17
836,Maighdiln Arkin,24
837,Janet Petow,22
838,Derril Kirwin,25
839,Blake Stalman,24
840,Kimble Sands,24
841,Dannel Butler-Bowdon,20
842,Mickie Taffee,15
843,Sal Matthews,17
844,Sheffy Mahon,18
845,Arturo Calderhead,16
846,Lynea D'Aulby,19
847,Lina Parnby,19
848,Roger Pledge,25
849,Hilary Ambrosetti,20
850,Flora Masser,19
851,Codee Belden,16
852,Farrel Spur,15
853,Jacquelin Cosgrove,23
854,Kiri McBeith,23
855,Noland Ritch,20
856,Pavla Eede,21
857,Eadmund Sandifer,17
858,Daryl Cicconettii,24
859,Kimberlyn Somerset,25
860,Marybelle Stealy,24
861,Ardene Lantiffe,24
862,Fulton O' Mara,19
863,Estele Camden,23
864,Lucienne Minker,17
865,Shamus Ianitti,22
866,Leroi Thow,23
867,Kasper Skottle,17
868,Skip Brentnall,23
869,Salvidor Philpots,17
870,Brynna Cranshaw,21
871,Barbabra Groocock,25
872,Hadria Willox,22
873,Herman Arnopp,19
874,Denys Henker,18
875,Sal Bennike,18
876,Lucretia Bruckner,23
877,Concettina Le Strange,17
878,Wendel McAndie,15
879,Garvin Aizikov,20
880,Merry Monery,23
881,Lutero Olivo,23
882,Yulma Orvis,21
883,Eimile Colclough,24
884,Amery Iddy,21
885,Kaitlyn Hackey,18
886,Rodd Rilings,15
887,Sibylle Brinsford,22
888,Malinde Crossman,20
889,Maxie Bradshaw,23
890,Milli Cardew,19
891,Vere Martinat,22
892,Manfred Wiffen,19
893,Em Poundsford,18
894,Ruggiero Sisson,15
895,Ceil Bernardoni,21
896,Shelly Imloch,20
897,Quentin Alenshev,17
898,Waylan Tomalin,21
899,Suzann Bearns,22
900,Genia Swadon,19
901,Helen Showen,16
902,Maxwell Heinemann,19
903,Sholom Presslie,16
904,Elsey Blazic,23
905,Gradeigh Gayter,20
906,Garek Paulo,15
907,Codi Ivie,24
908,Aaren O'Dyvoy,20
909,Marjie Bradnock,18
910,Jarret McGregor,24
911,Morgan Parncutt,18
912,Emlen Griffen,15
913,Linn Qualtrough,18
914,Jaquith Lally,17
915,Jasper Hallett,23
916,Crystie Cracoe,19
917,Ketty Rawling,22
918,Tyrone Tisun,22
919,Alejandra Custed,23
920,Claire Cokely,20
921,Desmond Spata,16
922,Dell Steaning,25
923,Stearne McQuirter,15
924,Melicent Austick,22
925,Morry Boc,16
926,Cobbie Berkely,25
927,Cristobal Matisse,24
928,Junette Najara,17
929,Chet Abdon,23
930,Marisa Loakes,18
931,Shellie Tenney,17
932,Chastity Bome,17
933,Gerard Egginson,16
934,Killian Oultram,25
935,Estrellita Lusk,20
936,Kort Bhatia,20
937,Augustine Tume,23
938,Millie Klezmski,20
939,Fran Cowthart,21
940,Maressa Brando,16
941,Nataniel Hutfield,17
942,Tiertza Mac Giany,24
943,Eimile Swindle,16
944,Shanda Rominov,25
945,Klarika Varcoe,18
946,Loretta Veillard,25
947,Hebert Lehrer,16
948,Chiarra Cargill,16
949,Nichole Cregeen,25
950,Simonne Shevlan,22
951,Giffy Messam,18
952,Winfield Charrington,24
953,Calla Spatoni,24
954,Germayne Corrie,20
955,Legra Marwood,17
956,Cecilia McWhorter,15
957,Sigrid Belliveau,20
958,Teresina Shillito,15
959,Olivie Saltman,18
960,Marnie Rathe,16
961,Case Wolford,24
962,Dorie Storry,24
963,Bogey Whitehead,20
964,Faythe Stradling,22
965,Kerrin Ends,24
966,Alane Goare,16
967,Farleigh Bault,17
968,Christine Spat,18
969,Rosette Ledgerton,15
970,Matthaeus Lusted,21
971,Scott Belverstone,23
972,Ronnica Vallack,19
973,Ailyn Rolfini,24
974,Ly Sendley,16
975,Maure Haldene,20
976,Sib Hotchkin,21
977,Ann-marie Surgener,17
978,Codie Pimmocke,24
979,Zorine Wilmot,20
980,Davey MacCafferky,22
981,Gillie Perkis,24
982,Gunilla Kilcullen,25
983,Enrika Sarsfield,21
984,Shelly Parlot,16
985,Gusti Isoldi,19
986,Adriaens Overlow,24
987,Rad Rasp,18
988,Sela Ibarra,21
989,Arny Christmas,21
990,Ruddie Birtonshaw,15
991,Conny Robillart,25
992,Heath Stritton,16
993,Clemence Stonestreet,18
994,Xever O' Dornan,21
995,Dorian O'Deegan,15
996,Clarence Delete,20
997,Row Rigby,21
998,Ive Lowy,20
999,Nikoletta Mantram,21
1000,Veronique Durrant,16
